PU,PU_cleaned
AMER ASSOC ADVANCEMENT SCIENCE,AAAS
AMER ASSOC CANCER RESEARCH,AACR
AMER ASSOC NEUROLOGICAL SURGEONS,AANS
AMER ASSOC PHYSICISTS MEDICINE AMER INST PHYSICS,AAPM
AMER ACAD SLEEP MEDICINE,AASM
ASSOC COMPUTING MACHINERY,ACM
ACOUSTICAL SOC AMER AMER INST PHYSICS,Acoustical Society of America
AMER GEOPHYSICAL UNION,AGU
AMER INST AERONAUTICS  ASTRONAUTICS,AIAA
AMER INST MATHEMATICAL SCIENCES,AIMS
AMER INST MATHEMATICAL SCIENCES-AIMS,AIMS
AMER INST PHYSICS,AIP
AMER MEDICAL ASSOC,AMA
AMER ACAD PEDIATRICS,American Academy of Pediatrics
AMER ASSOC IMMUNOLOGISTS,American Association Immunologists
AMER CHEMICAL SOC,American Chemical Society
AMER DIABETES ASSOC,American Diabetes Association
AMER ECONOMIC ASSOC,American Economic Association
AMER MATHEMATICAL SOC,American Mathematical Society
AMER METEOROLOGICAL SOC,American Meteorological Society
AMER METEOROLOGICAL SOCIETY,American Meteorological Society
AMER PHYSICAL SOC,American Physical Society
AMER PHYSIOLOGICAL SOC,American Physiological Society
AMER PHYTOPATHOLOGICAL SOC,American Phytopathological Society
"AMER PSYCHIATRIC PUBLISHING, INC",American Psychiatric Publishing
EDUCATIONAL PUBLISHING FOUNDATION-AMERICAN PSYCHOLOGICAL ASSOC,American Psychological Association
AMER PUBLIC HEALTH ASSOC INC,American Public Health Association
AMER SOC MICROBIOLOGY,American Society of Microbiology
AMER SOC NEPHROLOGY,American Society of Nephrology
AMER SOC NEURORADIOLOGY,American Society of Neuroradiology
AMER SOC NUTRITION-ASN,American Society of Nutrition
AMER VETERINARY MEDICAL ASSOC,American Veterinary Medical Association
ANNUAL REVIEWS,Annual Reviews
AMER PSYCHOLOGICAL ASSOC,APA
ASSOC RESEARCH VISION OPHTHALMOLOGY INC,ARVO
AMER STATISTICAL ASSOC,ASA
AMER SOC BIOCHEMISTRY MOLECULAR BIOLOGY INC,ASBMB
AMER SOC CELL BIOLOGY,ASCB
AMER SOC CIVIL ENGINEERS,ASCE
ASCE-AMER SOC CIVIL ENGINEERS,ASCE
AMER SOC CLINICAL INVESTIGATION INC,ASCI
AMER SOC CLINICAL ONCOLOGY,ASCO
AMER SOC HEMATOLOGY,ASH
AMER SOC MECHANICAL ENGINEERS,ASME
ASME,ASME
AMER SOC PLANT BIOLOGISTS,ASPB
AMER SOC PHARMACOLOGY EXPERIMENTAL THERAPEUTICS,ASPET
AMER SOC TROP MED & HYGIENE,ASTMH
AMER THORACIC SOC,ATS
A V S AMER INST PHYSICS,AVS
BENTHAM SCIENCE PUBL,Bentham Science
BENTHAM SCIENCE PUBL LTD,Bentham Science
BIOMED CENTRAL LTD,BMC
BMC,BMC
BMJ PUBLISHING GROUP,BMJ
BOTANICAL SOC AMER INC,Botanical Society of America
BRILL,Brill
BRILL ACADEMIC PUBLISHERS,Brill
"CANADIAN SCIENCE PUBLISHING, NRC RESEARCH PRESS",Canadian Science Publishing
CENTERS  DISEASE CONTROL,CDC
CHURCHILL LIVINGSTONE,Churchill Livingstone
CHURCHILL LIVINGSTONE INC MEDICAL PUBLISHERS,Churchill Livingstone
COMPANY OF BIOLOGISTS LTD,CoB
COPERNICUS GESELLSCHAFT MBH,Copernicus
"COLD SPRING HARBOR LAB PRESS, PUBLICATIONS DEPT",CSH
CSIRO PUBLISHING,CSIRO Publishing
CAMBRIDGE UNIV PRESS,CUP
CURRENT BIOLOGY LTD,Current Biology
DE GRUYTER MOUTON,De Gruyter
DE GRUYTER OPEN LTD,De Gruyter
DE GRUYTER POLAND SP ZOO,De Gruyter
WALTER DE GRUYTER GMBH,De Gruyter
US DEPT HEALTH HUMAN SCIENCES PUBLIC HEALTH SCIENCE,DHHS
DOVE MEDICAL PRESS LTD,Dove
DUKE UNIV PRESS,Duke U Press
ELECTROCHEMICAL SOC INC,ECS
E D P SCIENCES,EDP
EDP SCIENCES S A,EDP
EARTHQUAKE ENGINEERING RESEARCH INST,EERI
ELIFE SCIENCES PUBLICATIONS LTD,eLife
ACADEMIC PRESS INC ELSEVIER SCIENCE,Elsevier
ACADEMIC PRESS LTD- ELSEVIER SCIENCE LTD,Elsevier
ACADEMIC PRESS LTD-ELSEVIER SCIENCE LTD,Elsevier
CELL PRESS,Elsevier
ELSEVIER,Elsevier
ELSEVIER ACADEMIC PRESS INC,Elsevier
ELSEVIER ADVANCED TECHNOLOGY,Elsevier
ELSEVIER FRANCE-EDITIONS SCIENTIFIQUES MEDICALES ELSEVIER,Elsevier
"ELSEVIER GMBH, URBAN & FISCHER VERLAG",Elsevier
ELSEVIER INC,Elsevier
ELSEVIER IRELAND LTD,Elsevier
ELSEVIER MASSON,Elsevier
ELSEVIER NORTH HOLLAND,Elsevier
ELSEVIER SCI LTD,Elsevier
ELSEVIER SCIENCE BV,Elsevier
ELSEVIER SCIENCE INC,Elsevier
ELSEVIER SCIENCE LONDON,Elsevier
ELSEVIER SCIENCE SA,Elsevier
ELSEVIER SINGAPORE PTE LTD,Elsevier
ELSEVIER TAIWAN,Elsevier
ELSEVIER URBAN & PARTNER SP Z O O,Elsevier
EXCERPTA MEDICA INC-ELSEVIER SCIENCE INC,Elsevier
MOSBY-ELSEVIER,Elsevier
NORTH HOLLAND,Elsevier
"NORTH HOLLAND, ELSEVIER SCIENCE PUBL BV",Elsevier
PERGAMON-ELSEVIER SCIENCE LTD,Elsevier
REED BUSINESS INFORMATION,Elsevier
W B SAUNDERS CO LTD,Elsevier
W B SAUNDERS CO-ELSEVIER INC,Elsevier
EMERALD GROUP PUBLISHING LIMITED,Emerald Group
EMERALD GROUP PUBLISHING LTD,Emerald Group
ENDOCRINE SOC,Endocrine Society
FEDERATION AMER SOC EXP BIOL,FASEB
FRONTIERS MEDIA SA,Frontiers
FRONTIERS RESEARCH FOUNDATION,Frontiers
FUTURE MEDICINE LTD,Future Medicine
"GEOLOGICAL SOC AMER, INC",Geological Society of America
GENETICS SOC AM,GSA
GENETICS SOCIETY AMERICA,GSA
HARBORSIDE PRESS,Harborside Press
HINDAWI LTD,Hindawi
HINDAWI PUBLISHING CORP,Hindawi
HINDAWI PUBLISHING CORPORATION,Hindawi
HUMANA PRESS INC,Humana
IEEE,IEEE
IEEE COMPUTER SOC,IEEE
"IEEE, ELECTRON DEVICES SOC & RELIABILITY GROUP",IEEE
IEEE-INST ELECTRICAL ELECTRONICS ENGINEERS INC,IEEE
INST ENGINEERING TECHNOLOGY-IET,IET
IMPACT JOURNALS LLC,Impact Journals
INST MATHEMATICAL STATISTICS,IMS
INFORMS,Informs
"INT PRESS BOSTON, INC",Int Press Boston
INT UNION CRYSTALLOGRAPHY,International Union of Crystallography
INTER-RESEARCH,Inter-Research
IOP PUBLISHING LTD,IoP
IOS PRESS,IOS
JOHNS HOPKINS UNIV PRESS,JHU Press
"JMIR PUBLICATIONS, INC",JMIR
JOURNAL OF VISUALIZED EXPERIMENTS,JoVE
KARGER,Karger
LIPPINCOTT WILLIAMS & WILKINS,LWW
MAGNOLIA PRESS,Magnolia Press
"MARY ANN LIEBERT, INC",Mary Ann Liebert
MASSACHUSETTS MEDICAL SOC,Massachusetts Medical Society
MDPI,MDPI
MDPI AG,MDPI
MEDKNOW PUBLICATIONS & MEDIA PVT LTD,Medknow
MIT PRESS,MIT Press
NATL ACAD SCIENCES,NAS
OPTICAL SOC AMER,OSA
AACC INTERNATIONAL,Other
ABC-CLIO,Other
ACAD  CONFERENCES LTD,Other
ACAD AMER FRANCISCAN HIST,Other
ACAD MANAGED CARE PHARMACY,Other
ACAD MANAGEMENT,Other
ACAD MEDICAL SCIENCES I R IRAN,Other
"ACAD SCIENCES CZECH REPUBLIC, INST PHYSIOLOGY",Other
"ACAD SCIENCES, CZECH REPUBLIC, INST SCIENTIFIC INSTRUMENTS ASCR, V V I",Other
ACADEMIA-PUBL HOUSE CZECHOSLOVAK ACAD SCIENCES,Other
ACTA DERMATO-VENEREOLOGICA,Other
ACTA PHARMACOLOGICA SINICA,Other
ADVANSTAR COMMUNICATIONS INC,Other
ADVANTAGE BUSINESS MEDIA,Other
AEROSPACE MEDICAL ASSOC,Other
AFRICAN AMER REVIEW,Other
AFRICAN NETWORKS ETHNOMEDICINES,Other
AGRICULTURAL HISTORY SOCIETY,Other
AGRICULTURAL INST CANADA,Other
AI ACCESS FOUNDATION,Other
AKADEMIAI KIADO RT,Other
ALAN GUTTMACHER INST,Other
ALCOHOL RES DOCUMENTATION INC CENT ALCOHOL STUD RUTGERS UNIV,Other
ALDRICH CHEMICAL CO INC,Other
ALFRED UNIV,Other
ALL INDIA INST MEDICAL SCIENCES,Other
ALLEN PRESS INC,Other
ALLERTON PRESS INC,Other
ALLIANCE CHILDREN & FAMILIES,Other
ALLIANCE COMMUNICATIONS GROUP DIVISION ALLEN PRESS,Other
ALPHAMED PRESS,Other
AM SOC INTERVENTIONAL PAIN PHYSICIANS,Other
AME PUBL CO,Other
"AMER  ASSOC TEACHERS SPANISH PORTUGUESE, INC",Other
AMER ACAD AUDIOLOGY,Other
AMER ACAD FAMILY PHYSICIANS,Other
AMER ACAD PEDIATRIC DENTISTRY,Other
AMER ACAD PERIODONTOLOGY,Other
AMER ACAD PSYCHIATRY & LAW,Other
AMER ACCOUNTING ASSOC,Other
AMER ANIMAL HOSPITAL ASSOC,Other
AMER ARACHNOLOGICAL SOC,Other
AMER ASSOC ARTIFICIAL INTELL,Other
AMER ASSOC AVIAN PATHOLOGISTS,Other
AMER ASSOC CLINICAL CHEMISTRY,Other
AMER ASSOC CLINICAL ENDOCRINOLOGISTS,Other
AMER ASSOC COLL PHARMACY,Other
AMER ASSOC CRITICAL CARE NURSES,Other
AMER ASSOC INTELLECTUAL DEVELOPMENTAL DISABILITIES,Other
AMER ASSOC LABORATORY ANIMAL SCIENCE,Other
AMER ASSOC LAW LIBRARIES,Other
AMER ASSOC PETROLEUM GEOLOGIST,Other
AMER ASSOC PHYSICS TEACHERS,Other
AMER ASSOC PHYSICS TEACHERS AMER INST PHYSICS,Other
AMER ASSOC SWINE VETERINARIANS,Other
AMER ASSOC TEACHERS FRENCH,Other
AMER ASSOC TEACHERS SLAVIC EAST EUROPEAN LANGUAGES,Other
AMER ASSOC TEXTILE CHEMISTS COLORISTS,Other
AMER ASSOC ZOO VETERINARIANS,Other
AMER BOARD FAMILY MEDICINE,Other
AMER CATHOLIC PHILOSOPHICAL ASSOC,Other
AMER CERAMIC SOC,Other
AMER COLL CHEST PHYSICIANS,Other
AMER COLL PHYSICIANS,Other
AMER CONCRETE INST,Other
AMER DENTAL ASSOC,Other
AMER DENTAL EDUCATION ASSOC-ADEA,Other
AMER EPILEPSY SOCIETY,Other
AMER FERN SOC INC,Other
AMER FISHERIES SOC,Other
AMER FOLKLORE SOC,Other
AMER HELICOPTER SOC INC,Other
AMER INST CHEMICAL ENGINEERS,Other
AMER INST STEEL CONSTRUCTION,Other
AMER INST ULTRASOUND MEDICINE,Other
AMER JOURNAL SCIENCE,Other
AMER LABORATORY-LABCOMPARE,Other
AMER LIBRARY ASSOC,Other
"AMER MALACOLOGICAL SOC, INC",Other
AMER MARKETING ASSOC,Other
AMER MIDLAND NATURALIST,Other
AMER MOSQUITO CONTROL ASSOC,Other
AMER MUSEUM NATURAL HISTORY,Other
AMER NUCLEAR SOC,Other
"AMER OCCUPATIONAL THERAPY ASSOC, INC",Other
AMER ORIENTAL SOC,Other
AMER ORNITHOLOGISTS UNION,Other
AMER PHARMACEUTICAL ASSOC,Other
AMER PHYSICAL THERAPY ASSOC,Other
AMER PODIATRIC MED ASSOC,Other
AMER POMOLOGICAL SOC,Other
AMER POWDER METALLURGY INST,Other
AMER REAL ESTATE SOC,Other
AMER ROENTGEN RAY SOC,Other
AMER SCHOOL CLASSICAL STUDIES AT ATHENS,Other
AMER SCHS ORIENTAL RESEARCH,Other
AMER SCIENTIFIC AFFILIATION,Other
AMER SCIENTIFIC PUBLISHERS,Other
AMER SOC AGING,Other
AMER SOC AGRICULTURAL & BIOLOGICAL ENGINEERS,Other
AMER SOC AGRONOMY,Other
AMER SOC ANIMAL SCIENCE,Other
AMER SOC BREWING CHEMISTS INC,Other
AMER SOC COMPARATIVE LAW INC,Other
AMER SOC ENGINEERING EDUCATION,Other
AMER SOC ENOLOGY VITICULTURE,Other
AMER SOC HEALTH-SYSTEM PHARMACISTS,Other
"AMER SOC HEATING REFRIGERATING AIR-CONDITIONING ENG, INC,",Other
"AMER SOC HEATING, REFRIGERATING AND AIR-CONDITIONING ENGS",Other
AMER SOC HORTICULTURAL SCIENCE,Other
AMER SOC ICHTHYOLOGISTS & HERPETOLOGISTS,Other
AMER SOC INT LAW,Other
AMER SOC LANDSCAPE ARCHITECTS,Other
AMER SOC LIMNOLOGY OCEANOGRAPHY,Other
AMER SOC NONDESTRUCTIVE TEST,Other
AMER SOC PARASITOLOGISTS,Other
AMER SOC PHOTOGRAMMETRY,Other
AMER SOC PLANT TAXONOMISTS,Other
AMER SOC QUALITY CONTROL-ASQC,Other
AMER SOC TESTING MATERIALS,Other
AMER SOC TRANSPORTATION LOGISTICS,Other
AMER SPEECH-LANGUAGE-HEARING ASSOC,Other
AMER WATER WORKS ASSOC,Other
AMER WELDING SOC,Other
AMPHIBIAN & REPTILE CONSERVATION,Other
ANDREW JOHN PUBL,Other
ANKA PUBLISHER,Other
ANNAL  MATHEMATICS,Other
ANNALES INST FOURIER,Other
ANNALS FAMILY MEDICINE,Other
AO RESEARCH INSTITUTE DAVOS-ARI,Other
AOAC INT,Other
AOSIS,Other
APERTURE,Other
APPLE ACAD PRESS INC,Other
APPLIED COMPUTATIONAL ELECTROMAGNETICS SOC,Other
APPLIED PROBABILITY TRUST,Other
"AQUATIC PLANT MANAGEMENT SOC, INC",Other
ARCHAEOLOGICAL INST AMERICA,Other
ARCTIC INST N AMER,Other
ARIZONA STATE UNIV,Other
ARQUIVOS BRASILEIROS CARDIOLOGIA,Other
ARS POLONA-RUCH,Other
ARTECH HOUSE,Other
ARTFORUM,Other
ASEAN NEUROLOGICAL ASSOC,Other
ASHGATE PUBLISHING LTD,Other
ASIAN AMER STUDIES CNTR,Other
ASIAN-AUSTRALASIAN ASSOC ANIMAL PRODUCTION SOC,Other
ASM INT,Other
ASOCIACION ESPANOLA MICOLOGIA-AEM,Other
ASSOC ACAD LANGUAGE LEARNING,Other
ASSOC ADV BEHAVIOR THERAPY,Other
ASSOC ADVANCEMENT BALTIC STUDIES INC,Other
ASSOC AUSTRALASIAN PALAEONTOLOGISTS,Other
ASSOC AVIAN VETERINARIANS,Other
ASSOC BASIC MEDICAL SCI FEDERATION BOSNIA & HERZEGOVINA SARAJEVO,Other
ASSOC BRAS DIVULG CIENTIFICA,Other
ASSOC BRASILEIRA CIENCIA ECOLOGICA E CONSERVACAO,Other
ASSOC BRASILEIRA HORTICULTURA,Other
ASSOC COLL RESEARCH LIBRARIES,Other
ASSOC FIRE ECOLOGY,Other
ASSOC INFORMATION SYSTEMS,Other
ASSOC INTERNATIONAL JOURNAL CENTRAL BANKING,Other
ASSOC MILITARY SURG US,Other
ASSOC SCHOOLS PUBLIC HEALTH,Other
ASSOC SUPERVISION CURRICULUM DEVELOPMENT,Other
ASTRONOMICAL SOC PACIFIC,Other
ATLANTIS PRESS,Other
AUBURN UNIV,Other
AUSTRALIAN CERAMIC SOCIETY,Other
AUSTRALIAN NATL UNIV,Other
AVES,Other
BAILEY-MATTHEWS SHELL MUSEUM,Other
BAISHIDENG PUBLISHING GROUP INC,Other
BASKENT UNIV,Other
BEGELL HOUSE INC,Other
BEILSTEIN-INSTITUT,Other
BERGHAHN JOURNALS,Other
BIOMEDICAL RESEARCH PRESS LTD,Other
BIOSCIENTIFICA LTD,Other
BIRKHAUSER BOSTON,Other
BIRKHAUSER VERLAG AG,Other
BLOOMSBURY PUBL INC,Other
BLOOMSBURY PUBLISHING  PLC,Other
BLOOMSBURY T & T CLARK,Other
BOSTON UNIV,Other
BOSTON UNIV LAW REVIEW,Other
BOSTON UNIV SCHOLARLY PUBL,Other
BRAZILIAN COLL VETERINARY PARASITOLOGY,Other
BRAZILIAN SOC PLANT PHYSIOLOGY,Other
BRAZILIAN SOC UROL,Other
BREPOLS PUBL,Other
BRIGHAM YOUNG UNIV,Other
BRITISH EDITORIAL SOC BONE JOINT SURGERY,Other
BRITISH INST NON-DESTRUCTIVE TESTING,Other
BRITISH INST PERSIAN STUDIES,Other
BRITISH INST RADIOLOGY,Other
BRITISH PSYCHOLOGICAL SOC,Other
BUDAPEST UNIV TECHNOL & ECON,Other
C H BECKSCHE,Other
CABI PUBLISHING-C A B INT,Other
CADERNOS SAUDE PUBLICA,Other
"CAIRO UNIV, FAC COMPUTERS & INFORMATION",Other
CAISTER ACADEMIC PRESS,Other
CALIFORNIA FISH AND GAME EDITOR,Other
CALIFORNIA FOLKLORE SOC,Other
CALIFORNIA HISTORICAL SOC,Other
CANADIAN AERONAUTICS & SPACE INST,Other
CANADIAN CENTER SCIENCE & EDUCATION,Other
CANADIAN J UROLOGY,Other
CANADIAN MATHEMATICAL SOC,Other
CANADIAN OPHTHAL SOC,Other
CANADIAN PUBLIC HEALTH ASSOC,Other
CANADIAN UROLOGICAL ASSOCIATION,Other
CANADIAN VET MED ASSOC,Other
CASA EDITRICE LEO S OLSCHKI,Other
CATHOLIC UNIV AMER PRESS,Other
CCC PUBL-AGORA UNIV,Other
CENT GREAT PLAINS STUD,Other
CENTER PSYCHIATRIC REHABILITATION,Other
CENTER URBAN TRANSPORTATION RESEARCH,Other
CENTRAL CHINA NORMAL UNIV,Other
CENTRAL MICHIGAN UNIV CLARKE HISTORICAL LIBRARY,Other
CENTRO ESTUDIOS HISTORICUS CONSEJO SUPER INVEST CIENTIF,Other
CENTRO INVESTIGACIONES SOCIOLOGICAS,Other
CERAMIC SOC JAPAN-NIPPON SERAMIKKUSU KYOKAI,Other
CFA INST,Other
CHARLES BABBAGE RES CTR,Other
CHARLES UNIV,Other
CHELONIAN RESEARCH FOUNDATION,Other
CHEMICAL INDUSTRY PRESS,Other
CHEMICAL SOC JAPAN,Other
CHICAGO REVIEW,Other
CHIN SOCIETY IMMUNOLOGY,Other
CHINA INST COMMUNICATIONS,Other
CHINA OCEAN PRESS,Other
CHINESE ACAD AGRICULTURAL ENGINEERING,Other
"CHINESE ACAD SCIENCES, CHANGCHUN INST OPTICS FINE MECHANICS AND PHYSICS",Other
"CHINESE ACAD SCIENCES, INST BIOPHYSICS",Other
"CHINESE ACAD SCIENCES, INST METAL RESEARCH",Other
CHINESE CHEMICAL SOC,Other
CHINESE GEOSCIENCE UNION,Other
CHINESE JOURNAL NATURAL MEDICINES,Other
CHINESE PHYSICAL SOC,Other
CHINESE UNIV PRESS,Other
"CIG MEDIA GROUP, LP",Other
CIRAD-CENTRE COOPERATION INT RECHERCHE AGRONOMIQUE POUR,Other
"CLAHR, SPANISH COLONIAL RES CENTER",Other
CLASSICAL ASSOC ATLANTIC STATES,Other
CLAY MINERALS SOC,Other
CLEVELAND CLINIC,Other
CLINICAL & EXPER RHEUMATOLOGY,Other
CMA-CANADIAN MEDICAL ASSOC,Other
CO-ACTION PUBLISHING,Other
COASTAL EDUCATION & RESEARCH FOUNDATION,Other
COGNIZANT COMMUNICATION CORP,Other
COLEOPTERISTS SOC,Other
COLL AMER PATHOLOGISTS,Other
COLLEGE PUBLISHING,Other
COLUMBIA JOURNAL TRANSNATIONAL LAW ASSOC,Other
COMISION ECONOMICA PARA AMERICA LATINA Y EL CARIBE,Other
COMSIS CONSORTIUM,Other
CONSERVATOIRE ET JARDIN BOTANIQUES VILLE GENEVE,Other
COOPER ORNITHOLOGICAL SOC,Other
CORNELL INT LAW JOURNAL,Other
CORNELL LAW REVIEW,Other
CORNELL UNIV DEPT ANIMAL SCIENCE,Other
CORWIN PRESS INC A SAGE PUBLICATIONS CO,Other
COUNCIL CHILDREN BEHAVIORAL DISORDERS,Other
COUNCIL EXCEPTIONAL CHILDREN,Other
COUNCIL FOREIGN RELAT IONS INC,Other
CRITICA HISPANICA,Other
CROATIAN ACADEMY ENGINEERING,Other
CROP SCIENCE SOC AMER,Other
CRUSTACEAN SOC,Other
CRYO LETTERS,Other
CURRENT MEDICINE GROUP,Other
CURRENT ZOOLOGY,Other
CZECH ACADEMY AGRICULTURAL SCIENCES,Other
DAEDALUS ENTERPRISES INC,Other
DEFENCE SCIENTIFIC INFORMATION DOCUMENTATION CENTRE,Other
DEMOS MEDICAL PUBLICATIONS,Other
DESALINATION PUBL,Other
DESIGN SOC,Other
"DESTECH PUBLICATIONS, INC",Other
DEUTSCHE GESELLSCHAFT HERPETOLOGIE TERRARIENKUNDE E V,Other
DICKENS FELLOWSHIP,Other
DISCOVERY MEDICINE,Other
DISCRETE MATHEMATICS THEORETICAL COMPUTER SCIENCE,Other
DOWDEN HEALTH MEDIA,Other
DUKE UNIV,Other
DUSTRI-VERLAG DR KARL FEISTLE,Other
E M W PUBLISHING,Other
E SCHWEIZERBARTSCHE VERLAGSBUCHHANDLUNG,Other
EAST ASIAN INST,Other
ECAADE-EDUCATION & RESEARCH COMPUTER AIDED ARCHITECTURAL DESIGN EUROPE,Other
E-CENTURY PUBLISHING CORP,Other
ECOLOGICAL SOC AMER,Other
ECONOMETRIC SOCIETY,Other
ECONOMICS BULLETIN,Other
EDICIONES UNIV VALPARAISO,Other
EDINBURGH UNIV PRESS,Other
EDITIONS DE L ECOLE DES HAUTESETUDES EN SCIENCES SOCIALES,Other
EDITIONS MINUIT,Other
EDITIONS OPHRYS,Other
EDITIONS RODOPI B V,Other
EDITORIAL BOARD EJTIR,Other
EDITORIAL OFFICE CHINESE JOURNAL MECHANICAL ENGINEERING,Other
EDITORIAL OFFICE GUT & LIVER,Other
EDITRICE KURTIS S R L,Other
EDITURA ACAD ROMANE,Other
EDIZIONI ETS,Other
EDIZIONI MINERVA MEDICA,Other
EDWARD ELGAR PUBLISHING LTD,Other
ELECTRONIC JOURNAL OF COMBINATORICS,Other
ELECTRONIC JOURNALS PROJECT,Other
ELEMENT,Other
EMPRESA BRASIL PESQ AGROPEC,Other
ENGLISH LITERATURE TRANSITION,Other
ENTOMOLOGICAL SOC AMER,Other
ENTOMOLOGICAL SOC BRASIL,Other
ENVIRONMENTAL ENGINEERING GEOPHYSICAL SOC,Other
ENVIRONMENTAL PHILOSOPHY INC,Other
"EPL ASSOCIATION, EUROPEAN PHYSICAL SOCIETY",Other
EQUINOX PUBLISHING LTD,Other
ESPRIT,Other
"EUDOXUS PRESS, LLC",Other
EUGEN ULMER GMBH CO,Other
EUR CENTRE DIS PREVENTION & CONTROL,Other
EUROPA EDITION,Other
EUROPEAN ASSOC AQUATIC MAMMALS,Other
EUROPEAN ASSOC THEORETICAL COMPUTER SCIENCE,Other
EUROPEAN MATHEMATICAL SOC,Other
EUROPEAN RESPIRATORY SOC JOURNALS LTD,Other
EVOLUTIONARY ECOLOGY LTD,Other
F HERNANDEZ,Other
FABRIZIO SERRA EDITORE,Other
FEINSTEIN INST MED RES,Other
FEMINIST STUD INC,Other
FERRATA STORTI FOUNDATION,Other
FLORIDA ENTOMOLOGICAL SOC,Other
FLORIDA STATE UNIV,Other
FONDO CULTURA ECONOMICA,Other
FOOD & DRUG ADMINSTRATION,Other
FOOD DRUG LAW INST,Other
FORDHAM UNIV PRESS,Other
FORDHAM UNIV SCHOOL LAW,Other
FRANZ STEINER VERLAG GMBH,Other
FRENCH MATHEMATICAL SOC,Other
FRESHWATER BIOLOGICAL ASSOC,Other
FRIENDS SCIENCE PUBL,Other
FRONTIERS IN BIOSCIENCE INC,Other
FRONTLINE MEDICAL COMMUNICATIONS,Other
FUNCTIONAL FOOD CENTER INC,Other
FUNDACION ROMULO RAGGIO,Other
FUNDACO OSWALDO CRUZ,Other
FUNPEC-EDITORA,Other
FUTURE SCI LTD,Other
GEBRUDER BORNTRAEGER,Other
GENETICS SOC JAPAN,Other
GEOLOGICAL SOC INDIA,Other
GEOLOGICAL SOC PUBL HOUSE,Other
GEOLOGICAL SOC PUBLISHING HOUSE,Other
GEOMETRY & TOPOLOGY PUBLICATIONS,Other
GEOPHYSICAL PRESS,Other
GEORGE WASHINGTON UNIV INST ETHNOGRAPHIC RESEARCH,Other
GEORGETOWN LAW JOURNAL ASSOC,Other
GEORGIA ENTOMOLOGICAL SOC INC,Other
GESELLSCHAFT ERDKUNDE BERLIN,Other
GESELLSCHAFT SCHWEIZER TIERARZTINNEN & TIERARZTE,Other
GESIS LEIBNIZ INST SOCIAL SCIENCES,Other
GLOBAL SCIENCE PRESS,Other
GREEN WAVE PUBL CANADA,Other
GUILFORD PUBLICATIONS INC,Other
GUTERSLOHER VERLAGSHAUS,Other
"H E C PRESS, HEALTHY EATING CLUB PTY LTD",Other
H LEE MOFFITT CANCER CENTER & RESEARCH INST,Other
H M P COMMUNICATIONS,Other
HANS PUBLISHERS,Other
HARD,Other
HARVARD GRADUATE SCHOOL EDUCATION,Other
HARVARD LAW REV ASSOC,Other
HARVARD LAW SCHOOL,Other
HARVARD SOC LAW PUBLIC POLICY,Other
HARVARD-YENCHING INST,Other
HEBREW UNIV MAGNES PRESS,Other
HELDERMANN VERLAG,Other
HELMINTHOLOGICAL SOC WASHINGTON,Other
HERPETOLOGICAL CONSERVATION & BIOLOGY,Other
HERPETOLOGISTS LEAGUE,Other
HIGHER EDUCATION PRESS,Other
HIPPIATRIKA VERLAG MBH,Other
HOGREFE & HUBER PUBLISHERS,Other
HOKKAIDO UNIV,Other
HUDSON REVIEW INC,Other
HUMAN KINETICS PUBL INC,Other
HUMBOLDT FIELD RESEARCH INST,Other
HYLE PUBL,Other
I P PUBLISHING LTD,Other
I S & T - SOC IMAGING SCIENCE TECHNOLOGY,Other
IATED-INT ASSOC TECHNOLOGY EDUCATION A& DEVELOPMENT,Other
IBM CORP,Other
ICE PUBLISHING,Other
IEEK PUBLICATION CENTER,Other
IEICE-INST ELECTRONICS INFORMATION COMMUNICATIONS ENG,Other
IGI GLOBAL,Other
IJO PRESS,Other
IMPA,Other
IMPERIAL COLLEGE PRESS,Other
IMPRINT ACADEMIC,Other
INDERSCIENCE ENTERPRISES LTD,Other
INDIAN ACAD SCIENCES,Other
INDIAN COUNC AGRICULTURAL RES,Other
INDIANA LAW JOURNAL,Other
INDIANA UNIV MATH JOURNAL,Other
INDIANA UNIV PRESS,Other
"INDIANA UNIV, OPER & DECISION TECHNOL DEPT",Other
INFERENZE SCARL,Other
INFORMATION AGE PUBLISHING-IAP,Other
INIFAP-CENID PARASITOLOGIA VETERINARIA,Other
INNOVISION COMMUNICATIONS,Other
INST AGRICULTURAL MEDICINE,Other
INST ARCTIC ALPINE RES,Other
INST BIOCHEMISTRY & CELL BIOLOGY,Other
"INST BIOLOGIA, UNIV NACIONAL AUTONOMA MEXICO",Other
INST BREWING,Other
INST CHEMICAL ENGINEERS,Other
INST CONDENSED MATTER PHYSICS NATL ACAD SCIENCES UKRAINE,Other
INST CONFERENCE HIPPOCRATE,Other
"INST CONTROL ROBOTICS & SYSTEMS, KOREAN INST ELECTRICAL ENGINEERS",Other
INST EDUCATION POLICY STUDIES,Other
INST HISTOL EMBRIOL-CONICET,Other
INST INT LIT IBEROAMERICANA,Other
INST INVESTIGACIONES AGROPECUARIAS,Other
"INST INVESTIGACIONES OCEANOLOGICAS, U A B C",Other
INST INVESTOR INC,Other
INST KOREAN STUDIES,Other
INST NACIONAL SALUD PUBLICA,Other
INST NAVIGATION,Other
INST NOISE CONTROL ENGINEERING,Other
INST TRANSPORTATION ENGINEERS,Other
INT AIDS SOCIETY,Other
INT ASSOC ENERGY ECONOMICS,Other
INT ASSOC FOOD PROTECTION,Other
INT ASSOC PLANT TAXONOMY-IAPT,Other
INT CENTER NUMERICAL METHODS ENGINEERING,Other
"INT CENTRE ECOLOGY, POLISH ACAD SCIENCES",Other
INT COUNCIL MATERIALS EDUCATION,Other
INT COUNCIL TRADITIONAL MUSIC,Other
INT CTR MENTAL HEALTH POLICY & ECONOMICS-ICMPE,Other
INT FOOD & AGRIBUSINESS MANAGEMENT REVIEW,Other
INT INST ANTICANCER RESEARCH,Other
INT JOURNAL COMPUTER SCIENCE & NETWORK SECURITY-IJCSNS,Other
INT JOURNAL RENEWABLE ENERGY RESEARCH,Other
INT LINEAR ALGEBRA SOC,Other
INT MEDICAL PRESS LTD,Other
INT PHYCOLOGICAL SOC,Other
INT RESEARCH & TRAINING CENTER EROSION & SEDIMENTATION,Other
"INT SCIENTIFIC LITERATURE, INC",Other
INT SOC BAYESIAN ANALYSIS,Other
INT SOC HORTICULTURAL SCIENCE,Other
INT SOC HYPERTENSION BLACKS-ISHIB,Other
INT STATISTICAL INST,Other
INT UNION AGAINST TUBERCULOSIS LUNG DISEASE (I U A T L D),Other
INTECH EUROPE,Other
INTELLECT LTD,Other
INTERACTION DESIGN & ARCHITECTURES,Other
INTERCIENCIA,Other
IS&T & SPIE,Other
ISAM,Other
ISCI-INST SCIENTIFIC COMPUTING & INFORMATION,Other
ISFAHAN UNIV TECHNOLOGY,Other
ISRAEL MEDICAL ASSOC JOURNAL,Other
ISRAEL VETERINARY MEDICAL  ASSOC,Other
IST NAZIONALE DI GEOFISICA E VULCANOLOGIA,Other
IST NAZIONALE DI OCEANOGRAFIA E DI GEOFISICA,Other
IST ZOOPROFILATTICO SPERIMENTALE ABRUZZO & MOLISE G CAPORALE-IZS A&M,Other
ISTA-INT SEED TESTING ASSOC,Other
IVYSPRING INT PUBL,Other
IWA PUBLISHING,Other
J A S S S,Other
J C B MOHR,Other
J C P D S-INT CENTRE DIFFRACTION DATA,Other
J O S P T,Other
J RHEUMATOL PUBL CO,Other
JAGIELLONIAN UNIV PRESS,Other
"JANNETTI PUBLICATIONS, INC",Other
JAPAN ACAD,Other
JAPAN ANTIBIOTICS RESEARCH ASSOC,Other
JAPAN INST METALS,Other
JAPAN POULTRY SCIENCE ASSOC,Other
JAPAN SOC MICROGRAVITY APPLICATION,Other
JAPAN SOC OCCUPATIONAL HEALTH,Other
JAPAN SOC VET SCI,Other
JAPANESE CIRCULATION SOC,Other
JAPANESE GEOTECHNICAL SOC,Other
JAPANESE SOC TOXICOLOGICAL SCIENCES,Other
JOHN BENJAMINS PUBLISHING CO,Other
JOHN LIBBEY EUROTEXT LTD,Other
JOURNAL BONE JOINT SURGERY,Other
JOURNAL EXPERIMENTAL BIOLOGY & AGRICULTURAL SCIENCES,Other
JOURNAL HUMAN-ROBOT INTERACTION,Other
JOURNAL MATER SCI TECHNOL,Other
JOURNAL MATHEMATICS & COMPUTER SCIENCE-JMCS,Other
JOURNAL OF DRUGS IN DERMATOLOGY,Other
JOURNAL REHAB RES & DEV,Other
JOURNAL RHEOLOGY AMER INST PHYSICS,Other
JOURNAL SPORTS SCIENCE & MEDICINE,Other
JOURNAL STATISTICAL SOFTWARE,Other
JOURNAL TECHNOLOGY & CHINESE LANGUAGE TEACHING,Other
JOURNAL WUHAN UNIV TECHNOLOGY,Other
JULIUS KUHN-INST,Other
JULIUSZ SCHAUDER CTR NONLINEAR STUDIES,Other
KANSAS ENTOMOLOGICAL SOC,Other
KAUNAS UNIV TECH,Other
KLINCKSIECK,Other
KOREA CONCRETE INST,Other
KOREAN ACAD PERIODONTOLOGY,Other
"KOREAN ASSOC CRYSTAL GROWTH, INC",Other
KOREAN ASTRONOMICAL SOCIETY,Other
KOREAN CHEMICAL SOC,Other
KOREAN CONTINENCE SOC,Other
KOREAN FIBER SOC,Other
KOREAN INST COMMUNICATIONS SCIENCES (K I C S),Other
KOREAN INST METALS MATERIALS,Other
KOREAN INST POWER ELECTRONICS,Other
KOREAN INSTITUTE CHEMICAL  ENGINEERS,Other
KOREAN MAGNETICS SOC,Other
KOREAN MATHEMATICAL SOC,Other
KOREAN METEOROLOGICAL SOC,Other
KOREAN NEUROLOGICAL ASSOC,Other
KOREAN NUCLEAR SOC,Other
KOREAN NUTRITION SOC,Other
KOREAN PHYSICAL SOC,Other
KOREAN RADIOLOGICAL SOC,Other
KOREAN SOC APPLIED ENTOMOLOGY,Other
KOREAN SOC APPLIED PHARMACOLOGY,Other
KOREAN SOC BIOTECHNOLOGY & BIOENGINEERING,Other
KOREAN SOC FOOD SCIENCE ANIMAL RESOURCES,Other
KOREAN SOC HORTICULTURAL SCIENCE,Other
KOREAN SOC MECHANICAL ENGINEERS,Other
KOREAN SOC MICROBIOLOGY & BIOTECHNOLOGY,Other
KOREAN SOC MOLECULAR & CELLULAR  BIOLOGY,Other
KOREAN SOC NEUROGASTROENTEROLOGY & MOTILITY,Other
KOREAN SOC OTORHINOLARYNGOL,Other
KOREAN SOC PLANT PATHOLOGY,Other
KOREAN SOC PRECISION ENG,Other
KOREAN SOC STEEL CONSTRUCTION-KSSC,Other
KOREAN SOC VETERINARY SCIENCE,Other
KOREAN SOCIETY BIOCHEMISTRY & MOLECULAR BIOLOGY,Other
KOREAN SOCIETY FOOD SCIENCE & TECHNOLOGY-KOSFOST,Other
KOREAN SOCIETY OF CIVIL ENGINEERS-KSCE,Other
KOREAN STATISTICAL SOC,Other
KOSSUTH LAJOS TUDOMANYEGYETEM,Other
KRUZAK D O O,Other
KSII-KOR SOC INTERNET INFORMATION,Other
KYBERNETIKA,Other
"KYUNGPOOK NATL UNIV, DEPT MATHEMATICS",Other
LABX MEDIA GROUP,Other
LATIN AMER J SOLIDS STRUCTURES,Other
LATIN AMER STUDIES ASSOC,Other
LEARN,Other
LEPIDOPTERISTS SOC,Other
LIBERTAS ACAD,Other
LINGUISTIC SOC AMER,Other
LIVERPOOL UNIV PRESS,Other
LOCKE SCIENCE PUBL CO INC,Other
LONDON MATH SOC,Other
LOUISIANA STATE UNIV PRESS,Other
LYMPHOLOGY,Other
LYNNE RIENNER PUBL INC,Other
M E SHARPE INC,Other
MA HEALTHCARE LTD,Other
"MAKERERE UNIV, FAC MED",Other
MANAGED CARE & HEALTHCARE COMMUNICATIONS LLC,Other
MANCHESTER UNIV PRESS,Other
MARG FOUNDATION,Other
MARINE TECHNOLOGY SOC INC,Other
MATH SOC JAPAN,Other
MATHEMATICAL ASSOC AMER,Other
MATHEMATICAL SCIENCE PUBL,Other
MATICA SRPSKA,Other
MAX PLANCK INST DEMOGRAPHIC RESEARCH,Other
MAYDICA-IST SPER CEREALICOLTUR,Other
MED COLL MALAWI,Other
MEDICAL LIBRARY ASSOC,Other
MEDICINA (BUENOS AIRES),Other
MEDIMOND S R L,Other
"MEDREVIEWS, LLC",Other
METEOROLOGICAL SOC JAPAN,Other
MEXICAN ASSOC HEPATOLOGY,Other
MEZHDUNARODNAYA KNIGA,Other
MICH LAW REV ASSOC,Other
MICHIGAN MATHEMATICAL JOURNAL,Other
MICHIGAN STATE UNIV PRESS,Other
MICROBIOLOGICAL  SOCIETY KOREA,Other
MICROBIOLOGY SOC,Other
MICROTOME PUBL,Other
MIDDLE EAST INST,Other
MIDWEST MODERN LANGUAGE ASSOC,Other
MILLENNIUM FILM WORKSHOP INC,Other
MINERALOGICAL ASSOC CANADA,Other
MINERALOGICAL SOC,Other
MINERALOGICAL SOC AMER,Other
MINERALOGICAL SOC AMER & GEOCHEMICAL SOC,Other
MINN LAW REVIEW FOUND,Other
MISSOURI BOTANICAL GARDEN,Other
MODERN HUMANITIES RESEARCH ASSOCIATION,Other
MODERN LANGUAGE ASSOC AMER,Other
MOLECULAR VISION,Other
MORGAN KAUFMANN PUB INC,Other
MULTILINGUAL MATTERS LTD,Other
MULTIMED INC,Other
MUSEUM & INST ZOOLOGY PAS-POLISH ACAD SCIENCES,Other
MUSEUM NATL HISTOIRE NATURELLE,Other
MUSICAL TIMES PUBLICATIONS LTD,Other
MYCOTAXON LTD,Other
NANZAN INST RELIGION CULTURE,Other
NATCO-ORGANIZATION TRANSPLANT PROFESSIONALS,Other
NATION CO INC,Other
"NATL ACAD SCI UKRAINE, INST MATH",Other
NATL ACADEMIES PRESS,Other
NATL ASSOC BIOLOGY TEACHERS INC,Other
NATL ASSOC CORROSION ENG,Other
NATL ASSOC SCHOOL PSYCHOLOGISTS,Other
NATL ASSOC STUDENT FINANCIAL AID ADMIN,Other
"NATL ASTRONOMICAL OBSERVATORIES, CHIN ACAD SCIENCES",Other
NATL COUNCIL TEACHERS ENGLISH,Other
"NATL ILAN UNIV, JIT",Other
NATL INQUIRY SERVICES CENTRE PTY LTD,Other
NATL INST ALCOHOL ABUSE  ALCOHOLISM,Other
NATL INST PUBLIC HEALTH,Other
NATL MARINE FISHERIES SERVICE SCIENTIFIC PUBL OFFICE,Other
NATL RECREATION PARK ASSOC,Other
NATL SCIENCE FOUNDATION SRI LANKA,Other
NATL SHELLFISHERIES ASSOC,Other
NATL TAIWAN NORMAL UNIV,Other
NATL TAX ASSOC,Other
NATURAL AREAS ASSOC,Other
NATURAL PRODUCTS INC,Other
NECMETTIN ERBAKAN UNIV,Other
"NEOTROPICAL ORNITHOLOGICAL SOC, USGS PATUXENT WILDLIFE RESEARCH CTR",Other
"NEW LEAF ASSOC, INC",Other
NEW LEFT REV LTD,Other
NEW YORK REVIEW,Other
NEW YORK UNIV SCHOOL LAW,Other
"NEW ZEALAND SOC EARTHQUAKE ENGINEERING, INC",Other
"NOFER INST OCCUPATIONAL MEDICINE, SW",Other
NONFERROUS METALS SOC CHINA,Other
NORTH CAROLINA STATE UNIV DEPT WOOD & PAPER SCI,Other
NORTH TEXAS STAT UNIV,Other
NORTHWEST INST NONFERROUS METAL RESEARCH,Other
NORTHWEST SCIENTIFIC ASSOC,Other
NORTHWESTERN UNIV,Other
NORTHWESTERN UNIV PRESS,Other
NOTRE DAME LAW SCHOOL,Other
NOVOE LITERATURNOE OBOZRENIE-NEW LITERARY OBSERVER,Other
NOW PUBLISHERS INC,Other
OCEAN SIDE PUBLICATIONS INC,Other
OCEANOGRAPHY SOC,Other
OCHSNER CLINIC,Other
"OESTERREICHISCHE GESELL ENTOMOFAUNISTIK, C/O NATURHISTOR MUSEUM WIEN",Other
OFFICE SPECTROSCOPY & SPECTRAL ANALYSIS,Other
OHIO STATE UNIV PRESS,Other
"OHIO STATE UNIV, SCH MUSIC",Other
OHIO STATE UNIVERSITY DEPT ANIMAL SCIENCE,Other
OLD CITY PUBLISHING INC,Other
ONCOLOGY NURSING SOC,Other
ONLINE LEARNING CONSORTIUM,Other
OPEN HOUSE INT,Other
OPTICAL SOC KOREA,Other
OREGON HISTORICAL SOC,Other
ORGANIZATION AMER HISTORIANS,Other
ORGANIZATION TROP AMER NEMATOLOGISTS,Other
"ORNITHOLOGICAL SOC JAPAN, UNIV TOKYO, SCH AGR",Other
PACIFIC COAST ENTOMOL SOC,Other
PACIFIC JOURNAL MATHEMATICS,Other
PACINI EDITORE,Other
PAGEPRESS PUBL,Other
PAKISTAN AGRICULTURAL SCIENTISTS FORUM,Other
PALGRAVE,Springer-Nature
PALGRAVE MACMILLAN LTD,Springer-Nature
PAN AMER HEALTH ORGANIZATION,Other
PAN STANFORD PUBLISHING PTE LTD,Other
PARLAR SCIENTIFIC PUBLICATIONS (P S P),Other
PENERBIT UTM PRESS,Other
PENN STATE UNIV PRESS,Other
PERIODICUM BIOLOGORUM,Other
PERMANYER PUBL,Other
PHARMACEUTICAL SOC JAPAN,Other
PHILOSOPHY DOCUMENTATION CENTER,Other
PHYSICAL SOC JAPAN,Other
PHYSICA-VERLAG GMBH & CO,Other
PHYSICIANS POSTGRADUATE PRESS,Other
PION LTD,Other
PIONEER BIOSCIENCE PUBL CO,Other
PLOUGHSHARES INC,Other
PNG PUBLICATIONS,Other
POLICY PRESS,Other
POLISH ACAD SCIENCES INST MATHEMATICS-IMPAN,Other
POLISH ACAD SCIENCES INST PHARMACOLOGY,Other
POLISH ACAD SCIENCES INST PHYSICS,Other
POLISH MAINTENANCE SOC,Other
POLISH PHYSIOLOGICAL SOC,Other
POLISH SOC THEORETICAL & APPLIED MECHANICS,Other
"POLSKA AKAD NAUK, INST GENETYKI I HODOWLI ZWIERZAT",Other
"POLSKA AKAD NAUK, POLISH ACAD SCIENCES, INST METALL & MATER SCI PAS",Other
POLSKIE TOWARZYSTWO BOTANICZNE,Other
POLSKIE TOWARZYSTWO FARMACEUTYCZNE,Other
PONTIFICA UNIV CATOLICA DE CHILE FACULTAD DE DERECHO,Other
"PONTIFICA UNIV JAVERIANA, FAC PSYCH",Other
"PONTIFICIA UNIV CATOLICA CHILE, INST CIENCIA POLITICA",Other
PRECAST/PRESTRESSED CONCRETE INST,Other
PRINCETON UNIV,Other
"PROUS SCIENCE, SAU-THOMSON REUTERS",Other
"PUBLICATIONS SCIENTIFIQUES DU MUSEUM, PARIS",Other
PULSUS GROUP INC,Other
QUADRANT HEALTHCOM INC,Other
QUINTESSENCE PUBLISHING CO INC,Other
R FOUNDATION STATISTICAL COMPUTING,Other
R I L E M PUBLICATIONS,Other
RADIATION RESEARCH SOC,Other
RAMANUJAN MATHEMATICAL SOC,Other
RAPTOR RESEARCH FOUNDATION INC,Other
REED BUSINESS INFORMATION LTD,Other
REGIONAL EURO-ASIAN BIOLOGICAL INVASIONS CENTRE-REABIC,Other
RESILIENCE ALLIANCE,Other
REVISTA BIOTA NEOTROPICA,Other
REVISTA BRASILEIRA ZOOTECNIA BRAZILIAN JOURNAL ANIMAL SCI,Other
REVUE BELGE PHILOLOGIE HISTOIRE,Other
RIJKSHERBARIUM,Other
"RINTON PRESS, INC",Other
RIVER PUBLISHERS,Other
RIYADH ARMED FORCES HOSPITAL,Other
ROCKY MT MATH CONSORTIUM,Other
ROMANIAN ACAD SOC,Other
ROMANIAN SOC CONTROL TECH INFORMATICS,Other
ROMANIAN SOC PHENOMENOLOGY,Other
ROSENSTIEL SCH MAR ATMOS SCI,Other
ROWMAN & LITTLEFIELD PUBL GRP INC,Other
"ROYAL BELGIAN SOC EAR, NOSE, THROAT, HEAD & NECK SURGERY",Other
ROYAL COLLEGE OF PSYCHIATRISTS,Other
S FISCHER VERLAG GMBH,Other
S HIRZEL VERLAG,Other
SAN DIEGO STATE UNIV,Other
SCANDINAVIAN FEDERATION LABORATORY ANIMAL SCIENCE,Other
SCANDINAVIAN JOURNAL WORK ENVIRONMENT & HEALTH,Other
SCHATTAUER GMBH-VERLAG MEDIZIN NATURWISSENSCHAFTEN,Other
SCI PRINTERS & PUBL INC,Other
SCIBULCOM LTD,Other
SCIENCE REVIEWS 2000 LTD,Other
SCIENCE-FICTION STUDIES,Other
SCITEPRESS,Other
SCRIPPS INST OCEANOGRAPHY,Other
SCRIVENER PUBLISHING,Other
SCRIVENER PUBLISHING LLC,Other
SCUOLA NORMALE SUPERIORE,Other
SENSE PUBLISHERS,Other
SEPM-SOC SEDIMENTARY GEOLOGY,Other
SERBIAN GENETICS SOC,Other
SERVICIO PUBL UNIV NAVARRA,Other
SHANGHAI UNIV SPORT,Other
SHERIDAN PRESS,Other
SIGMA XI-SCI RES SOC,Other
SINGAPORE MEDICAL ASSOC,Other
SISEF-SOC ITALIANA SELVICOLTURA ECOL FORESTALE,Other
SIXTEENTH CENTURY JOURNAL PUBL,Other
SLAVICA PUBLISHERS,Other
"SLOAN MANAGEMENT REVIEW ASSOC, MIT SLOAN SCHOOL MANAGEMENT",Other
SLOVENSKO DRUSTVO INFORMATIKA,Other
SOC ADVANCEMENT SCAND STUD,Other
SOC AMER ARCHAEOLOGY,Other
SOC AMER FORESTERS,Other
SOC APPLIED ANTHROPOLOGY,Other
SOC ARCHITECTURAL HISTORIANS,Other
SOC ASIAN MUSIC DEPT ASIAN STUDIES,Other
SOC BIBLICAL LITERATURE,Other
SOC BIOSCIENCE BIOENGINEERING JAPAN,Other
SOC BOTANICA SAO PAULO,Other
SOC BRASIL GENETICA,Other
SOC BRASILEIRA MEDICINA TROPICAL,Other
SOC BRASILEIRA QUIMICA,Other
SOC CULTURAL ANTHROPOLOGY,Other
"SOC ECONOMIC GEOLOGISTS, INC",Other
SOC ESPANOLA NEFROLOGIA DR RAFAEL MATESANZ,Other
SOC ETHNOBIOLOGY,Other
SOC ETHNOMUSICOLOGY INC,Other
SOC ETUD 17 SIECLE,Other
SOC ETUD LATINES BRUXELLES,Other
SOC EXPLORATION GEOPHYSICISTS,Other
SOC GENERAL MICROBIOLOGY,Other
SOC GEOLOGY APPLIED MINERAL DEPOSITS-SGA,Other
SOC INFORM MANAGE-MIS RES CENT,Other
SOC JUDGMENT & DECISION MAKING,Other
SOC MANUFACTURING ENGINEERS,Other
SOC MATHEMATIQUE FRANCE,Other
SOC MEDICA SANTIAGO,Other
SOC MILITARY HISTORY,Other
SOC NEMATOLOGISTS,Other
SOC NUCLEAR MEDICINE INC,Other
SOC PETROLEUM ENG,Other
SOC PETROPHYSICISTS & WELL LOG ANALYSTS-SPWLA,Other
SOC RANGE MANAGEMENT,Other
SOC ROMANA ULTRASONOGRAFE MEDICINA BIOLOGIE-SRUMB,Other
SOC SOCIOLOGICAL SCIENCE,Other
SOC STUDY AMPHIBIANS REPTILES,Other
SOC STUDY MEDIEVAL LANGUAGE LITERATURE,Other
SOC STUDY REPRODUCTION,Other
SOC TEACHERS FAMILY MEDICINE,Other
SOC TECHNICAL COMMUNICATION,Other
SOC VACUUM COATERS,Other
SOC VECTOR ECOLOGY,Other
SOCIETY REPRODUCTION & DEVELOPMENT-SRD,Other
SOUTH AFRICAN JOURNAL OF ANIMAL SCIENCES,Other
SOUTHEAST ASIAN MINISTERS EDUC ORGANIZATION,Other
SOUTHEAST ASIAN REGIONAL CENTER GRADUATE STUDY & RESEARCH AGRICULTURE,Other
SOUTHERN AFRICAN WILDLIFE MANAGEMENT ASSOC,Other
"SOUTHERN APPALACHIAN BOTANICAL SOC, NEWBERRY COLL",Other
SOUTHERN HISTORICAL ASSOC,Other
SOUTHWESTERN ASSOC NATURALISTS,Other
SOUTHWESTERN LAW SCH,Other
SPACE MAGAZINE,Other
SPANDIDOS PUBL LTD,Other
STATA PRESS,Other
STATE GRID ELECTRIC POWER RESEARCH INST,Other
STATISTICA SINICA,Other
STATISTICS CANADA,Other
SUN YAT SEN UNIV MED SCI WHO,Other
SWISS CHEMICAL SOC,Other
TAIWAN ASSOC AEROSOL RES-TAAR,Other
TARTU UNIV PRESS,Other
TARU PUBLICATIONS,Other
TEACHERS COLL OF COLUMBIA UNIV,Other
TEAGASC,Other
TECH SCIENCE PRESS,Other
"TECHNICAL ASSOC PHOTOPOLYMERS,JAPAN",Other
TECHNO-PRESS,Other
"TEL AVIV UNIV, FAC HUMANITIES, FRENCH DEPT ADARR RESEARCH GROUP",Other
"TEMPLE UNIV, DEPT SPANISH & PORTUGUESE",Other
TEMPUS PUBLICATIONS,Other
TERMEDIA PUBLISHING HOUSE LTD,Other
TEXAS HEART INST,Other
TEXAS LAW REVIEW PUBL INC,Other
TEXAS STATE HIST ASSOC,Other
TEXAS STATE UNIV,Other
TEXTILE BIOENGINEERING & INFORMATICS SOCIETY LTD,Other
TEXTRUM,Other
THETA FOUNDATION,Other
THOMIST PRESS,Other
TIMES SUPPLEMENTS LIMITED,Other
TOKYO JOURNAL MATHEMATICS EDITORIAL OFFICE ACAD CENTER,Other
TRANS TECH PUBLICATIONS LTD,Other
TRANSACTION PUBLISHERS,Other
TROPICAL CONSERVATION SCIENCE,Other
TSINGHUA UNIV PRESS,Other
TUBITAK SCIENTIFIC & TECHNICAL RESEARCH COUNCIL TURKEY,Other
TURKISH NATL COMMITTEE AIR POLLUTION RES & CONTROL-TUNCAP,Other
TURKISH SOC RADIOLOGY,Other
TUSI MATHEMATICAL RESEARCH GROUP,Other
"U C L A, AMER INDIAN STUDIES CENTER",Other
U S FISH & WILDLIFE SERVICE,Other
UBIQUITY PRESS LTD,Other
UBM MEDICA,Other
ULUSLARARASI ILISKILER KONSEYI DERNEGI,Other
UNDERSEA & HYPERBARIC MEDICAL SOC INC,Other
UNITED ARAB EMIRATES UNIV,Other
"UNIV AGEAN, DEPT MEDITERRANEAN STUD",Other
UNIV AGR SCI & VETERINARY MED CLUJ-NAPOCA,Other
UNIV AGRICULTURAL SCIENCES & VETERINARY MEDICINE BUCHAREST,Other
"UNIV AGRICULTURE, FAC VETERINARY SCIENCE",Other
UNIV ALBERTA,Other
"UNIV ALICANTE, GRUPO INVESTIGACION EDUTIC-ADEI",Other
"UNIV ANTIOQUIA, FAC CIENCIAS AGRARIAS",Other
UNIV ARIZONA DEPT GEOSCIENCES,Other
UNIV AUTONOMA METROPOLITANA-IZTAPALAPA,Other
UNIV BASQUE COUNTRY UPV-EHU PRESS,Other
UNIV BATH,Other
"UNIV BELGRADE, INST ART HISTORY, FACULTY PHILOSOPHY",Other
UNIV BIELEFELD,Other
"UNIV BOLOGNA, DEPT ARCHITECTURE",Other
"UNIV BORDEAUX, INST MATHEMATIQUES BORDEAUX",Other
UNIV BUFFALO STATE UNIV NEW YORK,Other
UNIV CATHOLIQUE LOUVAIN-UCL,Other
UNIV CATOLICA DE VALPARAISO,Other
UNIV CATOLICA NORTE,Other
UNIV CHICAGO LAW SCH,Other
UNIV CINCINNATI INDUSTRIAL ENGINEERING,Other
UNIV COIMBRA,Other
"UNIV CONCEPCION, BIBLIOTECA CENTRAL",Other
"UNIV DENVER, STURM COLLEGE LAW",Other
"UNIV FED RURAL PERNAMBUCO, DEPT ADMINISTRACAO",Other
UNIV FEDERAL CAMPINA GRANDE,Other
"UNIV FEDERAL SANTA CATARINA, PROGRAMA POS-GRADUACAO & LETRAS-INGLES",Other
UNIV FEDERATION ANIMAL WELFARE,Other
UNIV GEORGIA,Other
UNIV GEORGIA PRESS,Other
"UNIV GEORGIA, COLL EDUCATION",Other
UNIV HAWAII PRESS,Other
"UNIV HAWAII, NATL FOREIGN LANGUAGE RESOURCE CENTER",Other
UNIV HOUSTON,Other
UNIV ILLINOIS,Other
UNIV ILLINOIS PRESS,Other
"UNIV ILLINOIS, URBANA-CHAMPAIGN",Other
"UNIV IOWA, COLL LAW",Other
UNIV KANSAS,Other
UNIV LOUISIANA MONROE,Other
"UNIV MARIBOR, FAC MECHANICAL ENGINEERING",Other
UNIV MASSACHUSETTS MASSACHUSETTS REVIEW,Other
"UNIV MELBOURNE, MELBOURNE SCH ENGINEERING",Other
"UNIV MICHIGAN LIBRARY,  MPUBLISHING",Other
UNIV MIGUEL HERNANDEZ ELCHE,Other
UNIV MINNESOTA PRESS,Other
"UNIV MINNESOTA, CENTER TRANSPORTATION STUDIES",Other
UNIV NACIONAL AUTONOMA MEXICO,Other
UNIV NAPLES FEDERICO II,Other
UNIV NEBRASKA PRESS,Other
UNIV NEW MEXICO,Other
"UNIV NEW MEXICO, DEPT ANTHROPOL",Other
"UNIV NEW MEXICO, SCH LAW",Other
UNIV NORTH CAROLINA,Other
UNIV NORTH CAROLINA PRESS,Other
"UNIV NORTHERN COLORADO C/O ESTER G. GONZALEZ, EDITOR",Other
UNIV OF WISCONSIN EXTENSION JOURNAL INC,Other
UNIV PENN LAW SCH,Other
UNIV PENNSYLVANIA PRESS,Other
"UNIV PITTSBURGH, UNIV LIBRARY SYSTEM",Other
UNIV PRESS COLORADO,Other
"UNIV PRETORIA, DEPT ECONOMICS",Other
"UNIV SAN SEBASTIAN FAC AQUITECTURA & ARTE, ESCUELA ARQUITECTURA, SANTIAGO",Other
UNIV SANTIAGO CHILE CASA,Other
UNIV SAO PAOLO,Other
UNIV SOUTHERN CALIF,Other
UNIV TARAPACA,Other
UNIV TEHRAN,Other
UNIV TEXAS BROWNSVILLE & TEXAS SOUTHMOST COLL,Other
UNIV TEXAS PRESS,Other
UNIV TORONTO PRESS INC,Other
"UNIV TRIPOLI, FAC VET MED",Other
UNIV VIRGINIA LAW REVIEW ASSOC,Other
UNIV WASHINGTON SCHOOL OF LAW,Other
"UNIV WASHINGTON, DEPT MATHEMATICS",Other
UNIV WISCONSIN,Other
UNIV WISCONSIN LAW SCHOOL,Other
UNIV WISCONSIN PRESS,Other
UNIV ZAGREB VET FACULTY,Other
"UNIV ZAGREB, FAC KINESIOLOGY",Other
"UNIV ZULIA, FACULTAD CIENCIAS VETERINARIAS",Other
UNIVELT INC,Other
US GOVERNMENT PRINTING OFFICE,Other
USC ANNENBERG PRESS,Other
USENIX ASSOC,Other
UTAH STATE UNIV,Other
UTAH STATE UNIV PRESS,Other
VANDERBILT LAW REVIEW,Other
VARAZDIN DEVELOPMENT & ENTREPRENEURSHIP AGENCY,Other
VDF HOCHSCHULVERLAG AG AN DER ETH ZURICH,Other
VENDOME GROUP LLC,Other
VERDUCI PUBLISHER,Other
VERLAG FERDINAND BERGER SOHNE GESELLSCHAFT MBH,Other
VERLAG HANS HUBER,Other
VETERINARY SOLUTIONS LLC,Other
VIA MEDICA,Other
VILNIUS GEDIMINAS TECH UNIV,Other
VINCA INST NUCLEAR SCI,Other
W W F VERLAGSGESELLSCHAFT GMBH,Other
WAGENINGEN ACAD PUBL,Other
WAGENINGEN ACADEMIC PUBLISHERS,Other
WATER ENVIRONMENT FEDERATION,Other
WATER RESEARCH COMMISSION,Other
WATERBIRD SOC,Other
WAYNE STATE UNIV PRESS,Other
WEED SCI SOC AMER,Other
WEIDER HIST GRP INC,Other
WEST CHESTER UNIV,Other
WESTERN AGRICULTURAL ECONOMICS ASSOC,Other
WESTERN HISTORY ASSOC,Other
WHO EASTERN MEDITERRANEAN REGIONAL OFFICE,Other
WICHTIG PUBLISHING,Other
WILDLIFE BIOLOGY,Other
"WILDLIFE DISEASE ASSOC, INC",Other
WILLIAM ANDREW INC,Other
WILSON ORNITHOLOGICAL SOC,Other
WIT PRESS,Other
WOMENS HEALTH & ACTION RESEARCH CENTRE,Other
WOODHEAD PUBL LTD,Other
WORLD HEALTH ORGANIZATION,Other
WORLD POETRY INC,Other
WUHAN UNIV JOURNALS PRESS,Other
WYDAWNICTWO SIGMA-N O T SP Z O O,Other
WYDAWNICZY POLSKIEGO TOWARZYSTWA,Other
YALE LAW J CO INC,Other
YOKOHAMA PUBL,Other
YONSEI UNIV COLL MEDICINE,Other
ZRC PUBLISHING,Other
OXFORD UNIV PRESS,OUP
OXFORD UNIV PRESS INC,OUP
PEERJ INC,PeerJ
PENSOFT PUBL,Pensoft
PUBLIC LIBRARY SCIENCE,PLoS
PORTLAND PRESS LTD,Portland Press
PROJECT HOPE,Project Hope
RADIOLOGICAL SOC NORTH AMERICA,Radiological Society
ROCKEFELLER UNIV PRESS,Rockefeller University Press
ROYAL SOC,Royal Society
ROYAL SOC CHEMISTRY,RSC
CANADIAN PSYCHIATRIC ASSOC,SAGE
SAGE PUBLICATIONS INC,SAGE
SAGE PUBLICATIONS LTD,SAGE
SCIENCE PRESS,Science Press
SCIENCE PRESS BEIJING,Science Press
SEISMOLOGICAL SOC AMER,Seismological Society of America
SIAM PUBLICATIONS,SIAM
SLACK INC,Slack
SOC NEUROSCIENCE,Society for Neuroscience
SOIL SCI SOC AMER,Soil Science Society of America
SOUTHEASTERN SURGICAL CONGRESS,Southeastern Surgical Congress
SPIE-INT SOC OPTICAL ENGINEERING,SPIE
SPIE-SOC PHOTO-OPTICAL INSTRUMENTATION ENGINEERS,SPIE
ADIS INT LTD,Springer-Nature
MAIK NAUKA/INTERPERIODICA/SPRINGER,Springer-Nature
NATURE PUBLISHING GROUP,Springer-Nature
SPRINGER,Springer-Nature
SPRINGER BASEL AG,Springer-Nature
SPRINGER BIRKHAUSER,Springer-Nature
SPRINGER FRANCE,Springer-Nature
SPRINGER HEIDELBERG,Springer-Nature
SPRINGER INDIA,Springer-Nature
SPRINGER INT PUBLISHING AG,Springer-Nature
SPRINGER INTERNATIONAL PUBLISHING AG,Springer-Nature
SPRINGER JAPAN,Springer-Nature
SPRINGER JAPAN KK,Springer-Nature
SPRINGER LONDON LTD,Springer-Nature
SPRINGER PUBLISHING CO,Springer-Nature
SPRINGER SINGAPORE PTE LTD,Springer-Nature
SPRINGER VS/SPRINGER FACHMEDIEN,Springer-Nature
SPRINGER WIEN,Springer-Nature
SPRINGER/PLENUM PUBLISHERS,Springer-Nature
SPRINGEROPEN,Springer-Nature
SPRINGER-VERLAG BERLIN,Springer-Nature
SPRINGER-VERLAG ITALIA SRL,Springer-Nature
SPRINGER-VERLAG LONDON LTD,Springer-Nature
SPRINGER-VERLAG SINGAPORE PTE LTD,Springer-Nature
SPRINGER-VERLAG WIEN,Springer-Nature
NATURE RESEARCH,Springer-Nature
NATURE PORTFOLIO,Springer-Nature
SPRINGERNATURE,Springer-Nature
SOIL WATER CONSERVATION SOC,Other
CRC PRESS-TAYLOR & FRANCIS GROUP,T&F
INFORMA HEALTHCARE,T&F
LANDES BIOSCIENCE,T&F
MANEY PUBLISHING,T&F
PSYCHOLOGY PRESS,T&F
ROUTLEDGE,T&F
"ROUTLEDGE JOURNALS, TAYLOR & FRANCIS LTD",T&F
TAYLOR & FRANCIS AS,T&F
TAYLOR & FRANCIS INC,T&F
TAYLOR & FRANCIS LTD,T&F
TEMPLE UNIV PRESS,Temple University Press
GEORG THIEME VERLAG KG,Thieme
THIEME MEDICAL PUBL INC,Thieme
UNIV CALIFORNIA PRESS,UC Press
UNIV CHICAGO PRESS,UChicago Press
UNIV CALIF,University of California
UNIV CALIFORNIA  BERKELEY SCH LAW,University of California
"UNIV CALIFORNIA, OAKLAND, DIVISION AGRICULTURE & NATURAL RESOURCES",University of California
BLACKWELL PUBL,Wiley
BLACKWELL SCIENCE PUBL,Wiley
JOHN WILEY & SONS INC,Wiley
JOHN WILEY & SONS LTD,Wiley
JOHN WILEY & SONS,Wiley
WILEY,Wiley
"WILEY PERIODICALS, INC",Wiley
WILEY-BLACKWELL,Wiley
WILEY-HINDAWI,Wiley
WILEY-V C H VERLAG GMBH,Wiley
WORLD SCI PUBL CO INC,World Scientific
WORLD SCIENTIFIC PUBL CO PTE LTD,World Scientific
UNIV MARYLAND-CTR RENAISSANCE & BAROQUE STUD,Other
"UNIV FED FLUMINENSE, DEPT HISTORIA",Other
SOC FRANCAISE D ICHTYOLOGIE,Other
PRINCETON UNIV PRESS,Princeton University Press
"PONTIFICIA UNIV CATOLICA CHILE, FAC LETRAS",Other
PEKING UNIV PRESS,Other
PACIFIC AFFAIRS UNIV BRITISH COLUMBIA,Other
NEURAL INFORMATION PROCESSING SYSTEMS (NIPS),Other
KENT STATE UNIV PRESS,Other
INT ASSOC BEAR RESEARCH & MANAGEMENT-IBA,Other
INST EARLY AMER HIST CULT,Other
IARIA XPS PRESS,Other
CORNELL UNIV SAGE SCHOOL PHILOSOPHY,Other
BRAZILIAN STATISTICAL ASSOCIATION,Other
CENTERS  DISEASE CONTROL & PREVENTION,CDC
UNIV PRESS MISSISSIPPI,University of Mississippi Press
PARIS SCHOLAR PUBLISHING LTD,Other
BURLEIGH DODDS SCIENCE PUBLISHING LTD,Other
Jenny Stanford Publ Pte Ltd,Other
WHITE HORSE PRESS,Other
RIGA TECHNICAL UNIV-RTU,Other
JOURNAL LOGIC & ANALYSIS,Other
PLANT MANAGEMENT NETWORK,Other
CANADIAN SCIENCE PUBLISHING,Other
UNIV TULSA,Other
BLOOMSBURY VISUAL ARTS,Other
KEAI PUBLISHING LTD,Other
CONSTRUCTION HISTORY SOC,Other
"CHARLES UNIV, FAC MATHEMATICS & PHYSICS",Other
NATL ENVIRON HEALTH ASSOC,Other
SOUTHERN REGIONAL SCIENCE ASSOC,Other
